{"_type":"export","__export_format":4,"__export_date":"2023-05-22T18:02:07.185Z","__export_source":"insomnia.desktop.app:v2023.2.2","resources":[{"_id":"req_878965e2a65f43b79b0dc209d75a62a7","parentId":"fld_d2fb8e39e14c484b8b81bd34a7db1ba2","modified":1684162324757,"created":1683538619451,"url":"{{ _.url }}/login","name":"/login","description":"","method":"POST","body":{"mimeType":"application/json","text":"{\n\t\"identifiant\":\"admin@gmail.com\",\n\t\"mot_de_passe\": \"rasmuslerdorf\"\n}"},"parameters":[],"headers":[{"name":"Content-Type","value":"application/json"}],"authentication":{},"metaSortKey":-1682616302391,"isPrivate":false,"settingStoreCookies":true,"settingSendCookies":true,"settingDisableRenderRequestBody":false,"settingEncodeUrl":true,"settingRebuildPath":true,"settingFollowRedirects":"global","_type":"request"},{"_id":"fld_d2fb8e39e14c484b8b81bd34a7db1ba2","parentId":"wrk_e3ad3f97db32454497c7ff9ff4da8610","modified":1683538621894,"created":1683538619430,"name":"Authentification","description":"","environment":{"url":"http://localhost:8000/api"},"environmentPropertyOrder":{"&":["url"]},"metaSortKey":-1682125285472.625,"_type":"request_group"},{"_id":"wrk_e3ad3f97db32454497c7ff9ff4da8610","parentId":null,"modified":1682614567435,"created":1682614567435,"name":"interim world api","description":"","scope":"collection","_type":"workspace"},{"_id":"req_e9f8ccb8757d4f04a91de56908d4b635","parentId":"fld_99ad5f594526449a9bf3585dcc7c4f65","modified":1684405886137,"created":1683910362528,"url":"{{ _.url }}/admin/valider_compte","name":"/admin/valider_compte","description":"","method":"POST","body":{"mimeType":"application/json","text":"{\n\t\"id_utilisateur\":2\n}"},"parameters":[],"headers":[{"name":"Content-Type","value":"application/json"}],"authentication":{},"metaSortKey":-1682616302391,"isPrivate":false,"settingStoreCookies":true,"settingSendCookies":true,"settingDisableRenderRequestBody":false,"settingEncodeUrl":true,"settingRebuildPath":true,"settingFollowRedirects":"global","_type":"request"},{"_id":"fld_99ad5f594526449a9bf3585dcc7c4f65","parentId":"wrk_e3ad3f97db32454497c7ff9ff4da8610","modified":1683910362512,"created":1683910362512,"name":"Admin","description":"","environment":{"url":"http://localhost:8000/api"},"environmentPropertyOrder":{"&":["url"]},"metaSortKey":-1681758268218.0938,"_type":"request_group"},{"_id":"req_c11d9a672c8d424398968920f798555e","parentId":"fld_99ad5f594526449a9bf3585dcc7c4f65","modified":1684157209022,"created":1683913530800,"url":"{{ _.url }}/admin/entreprises_non_valides","name":"admin/entreprises_non_valides Compte non validé","description":"","method":"GET","body":{},"parameters":[],"headers":[],"authentication":{},"metaSortKey":-1682616153972,"isPrivate":false,"settingStoreCookies":true,"settingSendCookies":true,"settingDisableRenderRequestBody":false,"settingEncodeUrl":true,"settingRebuildPath":true,"settingFollowRedirects":"global","_type":"request"},{"_id":"req_e642f2dffb754346aadfac65b7220a2a","parentId":"fld_99ad5f594526449a9bf3585dcc7c4f65","modified":1684157207376,"created":1683913560477,"url":"{{ _.url }}/admin/entreprises_valides","name":"admin/entreprises_valides Compte validé","description":"","method":"GET","body":{},"parameters":[],"headers":[],"authentication":{},"metaSortKey":-1682616005553,"isPrivate":false,"settingStoreCookies":true,"settingSendCookies":true,"settingDisableRenderRequestBody":false,"settingEncodeUrl":true,"settingRebuildPath":true,"settingFollowRedirects":"global","_type":"request"},{"_id":"req_59e1fe80d497497a9be5518fd9c21cce","parentId":"fld_99ad5f594526449a9bf3585dcc7c4f65","modified":1684157205472,"created":1683913606086,"url":"{{ _.url }}/admin/entreprises_valides","name":"admin/interimaires_valides Compte validé","description":"","method":"GET","body":{},"parameters":[],"headers":[],"authentication":{},"metaSortKey":-1682615708715,"isPrivate":false,"settingStoreCookies":true,"settingSendCookies":true,"settingDisableRenderRequestBody":false,"settingEncodeUrl":true,"settingRebuildPath":true,"settingFollowRedirects":"global","_type":"request"},{"_id":"req_529f46e6e89d46f9965491e368fd22f8","parentId":"fld_99ad5f594526449a9bf3585dcc7c4f65","modified":1684157202044,"created":1683538619444,"url":"{{ _.url }}/admin/interimaires_non_valides","name":"admin/interimaires_non_valides Compte non validé","description":"","method":"GET","body":{},"parameters":[],"headers":[],"authentication":{},"metaSortKey":-1682615114989,"isPrivate":false,"settingStoreCookies":true,"settingSendCookies":true,"settingDisableRenderRequestBody":false,"settingEncodeUrl":true,"settingRebuildPath":true,"settingFollowRedirects":"global","_type":"request"},{"_id":"req_cf46153ad18548b9be2249e6e118e8b2","parentId":"fld_adb8fecce5c44b9ba60f8ba198891834","modified":1683845683476,"created":1682616302391,"url":"{{ _.url }}/interimaire","name":"interimaire add Interimaire","description":"","method":"POST","body":{"mimeType":"application/json","text":"{\n\t\"nom\" : \"Masr\",\n\t\"prenom\" : \"Fasso\",\n\t\"email\" : \"bishop@gmail.com\",\n\t\"adresse_interimaire\" : \"Niamey\",\n\t\"telephone_interimaire\": \"99857474\",\n\t\"mot_de_passe\":\"rasmuslerdorf\"\n\t\n}"},"parameters":[],"headers":[{"name":"Content-Type","value":"application/json"}],"authentication":{},"metaSortKey":-1682616302391,"isPrivate":false,"settingStoreCookies":true,"settingSendCookies":true,"settingDisableRenderRequestBody":false,"settingEncodeUrl":true,"settingRebuildPath":true,"settingFollowRedirects":"global","_type":"request"},{"_id":"fld_adb8fecce5c44b9ba60f8ba198891834","parentId":"wrk_e3ad3f97db32454497c7ff9ff4da8610","modified":1683538628243,"created":1682614641812,"name":"Intérimaires","description":"","environment":{"url":"http://localhost:8000/api"},"environmentPropertyOrder":{"&":["url"]},"metaSortKey":-1681391250963.5625,"_type":"request_group"},{"_id":"req_2717216a1c9a4c20bc6b91740f4f81b0","parentId":"fld_adb8fecce5c44b9ba60f8ba198891834","modified":1682635905005,"created":1682632039649,"url":"{{ _.url }}/interimaire/2","name":"interimaire/id update Interimaire","description":"","method":"PUT","body":{"mimeType":"application/json","text":"{\n\t\"nom\" : \"azerty\",\n\t\"prenom\" : \"azer\",\n\t\"email\" : \"aze@test.test\",\n\t\"adresse_interimaire\" : \"Lile\",\n\t\"telephone_interimaire\": \"227820145224\"\n\t\n}"},"parameters":[],"headers":[{"name":"Content-Type","value":"application/json"}],"authentication":{},"metaSortKey":-1682615708715,"isPrivate":false,"settingStoreCookies":true,"settingSendCookies":true,"settingDisableRenderRequestBody":false,"settingEncodeUrl":true,"settingRebuildPath":true,"settingFollowRedirects":"global","_type":"request"},{"_id":"req_679758092ca6492f9f0c0dba23575d54","parentId":"fld_adb8fecce5c44b9ba60f8ba198891834","modified":1682615152232,"created":1682615115039,"url":"{{ _.url }}/interimaire/1","name":"/interimaire/id one intermaire","description":"","method":"GET","body":{},"parameters":[],"headers":[],"authentication":{},"metaSortKey":-1682615115039,"isPrivate":false,"settingStoreCookies":true,"settingSendCookies":true,"settingDisableRenderRequestBody":false,"settingEncodeUrl":true,"settingRebuildPath":true,"settingFollowRedirects":"global","_type":"request"},{"_id":"req_2c326ec254624d61b775cdce15abf243","parentId":"fld_adb8fecce5c44b9ba60f8ba198891834","modified":1682638402683,"created":1682636403288,"url":"{{ _.url }}/interimaire/5","name":"/interimaire/id delete intermaire","description":"","method":"DELETE","body":{},"parameters":[],"headers":[],"authentication":{},"metaSortKey":-1682614882968,"isPrivate":false,"settingStoreCookies":true,"settingSendCookies":true,"settingDisableRenderRequestBody":false,"settingEncodeUrl":true,"settingRebuildPath":true,"settingFollowRedirects":"global","_type":"request"},{"_id":"req_c5433f8dc6fc4c4bb9ddc7645fcd0f99","parentId":"fld_adb8fecce5c44b9ba60f8ba198891834","modified":1682615013246,"created":1682614650897,"url":"{{ _.url }}/interimaires","name":"/interimaires get All","description":"","method":"GET","body":{},"parameters":[],"headers":[],"authentication":{},"metaSortKey":-1682614650897,"isPrivate":false,"settingStoreCookies":true,"settingSendCookies":true,"settingDisableRenderRequestBody":false,"settingEncodeUrl":true,"settingRebuildPath":true,"settingFollowRedirects":"global","_type":"request"},{"_id":"req_e8b72e691c4b47ccbe696fae55534af2","parentId":"fld_5a092bc301cc4ffeb446fee81540ad75","modified":1684256651948,"created":1682617182054,"url":"{{ _.url }}/entreprise","name":"entreprise add entreprise","description":"","method":"POST","body":{"mimeType":"application/json","text":"{\n\t\"nom_entreprise\" : \"VCELV\",\n\t\"email\" : \"marcosfawaz6@gmail.com\",\n\t\"adresse_entreprise\" : \"Lile\",\n\t\"telephone_entreprise\": \"365478\"\n\t\n}"},"parameters":[],"headers":[{"name":"Content-Type","value":"application/json"}],"authentication":{},"metaSortKey":-1682616302391,"isPrivate":false,"settingStoreCookies":true,"settingSendCookies":true,"settingDisableRenderRequestBody":false,"settingEncodeUrl":true,"settingRebuildPath":true,"settingFollowRedirects":"global","_type":"request"},{"_id":"fld_5a092bc301cc4ffeb446fee81540ad75","parentId":"wrk_e3ad3f97db32454497c7ff9ff4da8610","modified":1682617182035,"created":1682617182035,"name":"Entreprises","description":"","environment":{"url":"http://localhost:8000/api"},"environmentPropertyOrder":{"&":["url"]},"metaSortKey":-1680657216454.5,"_type":"request_group"},{"_id":"req_679242a2478d4b599026ff9b9234e379","parentId":"fld_5a092bc301cc4ffeb446fee81540ad75","modified":1684454636585,"created":1682637264078,"url":"{{ _.url }}/entreprise/1","name":"entreprise/id update entreprise","description":"","method":"PUT","body":{"mimeType":"application/json","text":"{\n\t\"nom_entreprise\" : \"LV\",\n\t\"email\" : \"marcosfaiwaz@gmail.com\",\n\t\"adresse_entreprise\" : \"Lile\",\n\t\"telephone_entreprise\": \"365478\"\n\t\n}"},"parameters":[],"headers":[{"name":"Content-Type","value":"application/json"}],"authentication":{},"metaSortKey":-1682616005553,"isPrivate":false,"settingStoreCookies":true,"settingSendCookies":true,"settingDisableRenderRequestBody":false,"settingEncodeUrl":true,"settingRebuildPath":true,"settingFollowRedirects":"global","_type":"request"},{"_id":"req_d5509f30c8a14f70a2794ff2c58d76b1","parentId":"fld_5a092bc301cc4ffeb446fee81540ad75","modified":1682617234847,"created":1682617182050,"url":"{{ _.url }}/entreprise/1","name":"/entreprise/id one entreprise","description":"","method":"GET","body":{},"parameters":[],"headers":[],"authentication":{},"metaSortKey":-1682615115039,"isPrivate":false,"settingStoreCookies":true,"settingSendCookies":true,"settingDisableRenderRequestBody":false,"settingEncodeUrl":true,"settingRebuildPath":true,"settingFollowRedirects":"global","_type":"request"},{"_id":"req_b689db517a404a7f861ad2443113c4e1","parentId":"fld_5a092bc301cc4ffeb446fee81540ad75","modified":1682637438122,"created":1682637384923,"url":"{{ _.url }}/entreprise/4","name":"/entreprise/id delete entreprise","description":"","method":"DELETE","body":{},"parameters":[],"headers":[],"authentication":{},"metaSortKey":-1682614999003.5,"isPrivate":false,"settingStoreCookies":true,"settingSendCookies":true,"settingDisableRenderRequestBody":false,"settingEncodeUrl":true,"settingRebuildPath":true,"settingFollowRedirects":"global","_type":"request"},{"_id":"req_df5379e7dfb14054ad123407cb907188","parentId":"fld_5a092bc301cc4ffeb446fee81540ad75","modified":1682617243149,"created":1682617182044,"url":"{{ _.url }}/entreprises","name":"/entreprises get All","description":"","method":"GET","body":{},"parameters":[],"headers":[],"authentication":{},"metaSortKey":-1682614650897,"isPrivate":false,"settingStoreCookies":true,"settingSendCookies":true,"settingDisableRenderRequestBody":false,"settingEncodeUrl":true,"settingRebuildPath":true,"settingFollowRedirects":"global","_type":"request"},{"_id":"req_a36374c53ce14a42a0fdce0cc48bb3b7","parentId":"fld_ce7ea7d3a0044892a27ed7449ce91c3e","modified":1683557433640,"created":1682722109397,"url":"{{ _.url }}/offre","name":"offre add offre","description":"","method":"POST","body":{"mimeType":"application/json","text":"{\n\t\"id_entreprise\" : 6,\n\t\n\t\"titre_offre\" : \"Developpeur web\",\n\t\"description_offre\" : \"Developpeur web sur paris\",\n\t\"duree_offre\": 8,\n\t\"salaire_offre\": 800000\n\t\n}"},"parameters":[],"headers":[{"name":"Content-Type","value":"application/json"}],"authentication":{},"metaSortKey":-1682616302391,"isPrivate":false,"settingStoreCookies":true,"settingSendCookies":true,"settingDisableRenderRequestBody":false,"settingEncodeUrl":true,"settingRebuildPath":true,"settingFollowRedirects":"global","_type":"request"},{"_id":"fld_ce7ea7d3a0044892a27ed7449ce91c3e","parentId":"wrk_e3ad3f97db32454497c7ff9ff4da8610","modified":1682722109378,"created":1682722109378,"name":"Offres","description":"","environment":{"url":"http://localhost:8000/api"},"environmentPropertyOrder":{"&":["url"]},"metaSortKey":-1679678503775.75,"_type":"request_group"},{"_id":"req_5366cd5372744c00868ebc6de974ba8c","parentId":"fld_ce7ea7d3a0044892a27ed7449ce91c3e","modified":1683728359304,"created":1682723075384,"url":"{{ _.url }}/offre/7","name":"offre/id update offre","description":"","method":"PUT","body":{"mimeType":"application/json","text":"{\n\t\n\t\"titre_offre\" : \"Developpeur web\",\n\t\"description_offre\" : \"Developpeur web sur paris\",\n\t\"duree_offre\": 8,\n\t\"salaire_offre\": 800000\n\t\n}"},"parameters":[],"headers":[{"name":"Content-Type","value":"application/json"}],"authentication":{},"metaSortKey":-1682616153972,"isPrivate":false,"settingStoreCookies":true,"settingSendCookies":true,"settingDisableRenderRequestBody":false,"settingEncodeUrl":true,"settingRebuildPath":true,"settingFollowRedirects":"global","_type":"request"},{"_id":"req_ee3cbdda6e4b46739bc4f3e08383434e","parentId":"fld_ce7ea7d3a0044892a27ed7449ce91c3e","modified":1683652754187,"created":1682722109393,"url":"{{ _.url }}/offres/6","name":"/offres/id_entreprise offre par entreprise","description":"","method":"GET","body":{},"parameters":[],"headers":[],"authentication":{},"metaSortKey":-1682615115039,"isPrivate":false,"settingStoreCookies":true,"settingSendCookies":true,"settingDisableRenderRequestBody":false,"settingEncodeUrl":true,"settingRebuildPath":true,"settingFollowRedirects":"global","_type":"request"},{"_id":"req_65606ee602a54f99b8af0d08e811ebfa","parentId":"fld_ce7ea7d3a0044892a27ed7449ce91c3e","modified":1682723046803,"created":1682723041867,"url":"{{ _.url }}/offre/1","name":"/offre/id_ one offre","description":"","method":"GET","body":{},"parameters":[],"headers":[],"authentication":{},"metaSortKey":-1682615057021.25,"isPrivate":false,"settingStoreCookies":true,"settingSendCookies":true,"settingDisableRenderRequestBody":false,"settingEncodeUrl":true,"settingRebuildPath":true,"settingFollowRedirects":"global","_type":"request"},{"_id":"req_8a88b49937524970b691c51dfdb97831","parentId":"fld_ce7ea7d3a0044892a27ed7449ce91c3e","modified":1684410685679,"created":1682722109407,"url":"{{ _.url }}/offre/1","name":"/offre/id delete offre","description":"","method":"DELETE","body":{},"parameters":[],"headers":[],"authentication":{},"metaSortKey":-1682614999003.5,"isPrivate":false,"settingStoreCookies":true,"settingSendCookies":true,"settingDisableRenderRequestBody":false,"settingEncodeUrl":true,"settingRebuildPath":true,"settingFollowRedirects":"global","_type":"request"},{"_id":"req_f7d26c1eb6a948f0ba0d8813e7814047","parentId":"fld_ce7ea7d3a0044892a27ed7449ce91c3e","modified":1682723137395,"created":1682722109388,"url":"{{ _.url }}/offres","name":"/offres get All","description":"","method":"GET","body":{},"parameters":[],"headers":[],"authentication":{},"metaSortKey":-1682614650897,"isPrivate":false,"settingStoreCookies":true,"settingSendCookies":true,"settingDisableRenderRequestBody":false,"settingEncodeUrl":true,"settingRebuildPath":true,"settingFollowRedirects":"global","_type":"request"},{"_id":"req_ced8e1f1c43d4022aa9c024baa190ef2","parentId":"fld_d6d9dc0db2b54fb29f19829758ee449a","modified":1682760978510,"created":1682760613040,"url":"{{ _.url }}/mission","name":"mission add mission","description":"","method":"POST","body":{"mimeType":"application/json","text":"{\n\t\"id_interimaire\" : 2,\n\t\"id_offre\" : 1,\n\t\"date_debut\" : \"2023-04-28\",\n\t\"date_fin\" : \"2023-05-28\"\n\t\t\n}"},"parameters":[],"headers":[{"name":"Content-Type","value":"application/json"}],"authentication":{},"metaSortKey":-1682616302391,"isPrivate":false,"settingStoreCookies":true,"settingSendCookies":true,"settingDisableRenderRequestBody":false,"settingEncodeUrl":true,"settingRebuildPath":true,"settingFollowRedirects":"global","_type":"request"},{"_id":"fld_d6d9dc0db2b54fb29f19829758ee449a","parentId":"wrk_e3ad3f97db32454497c7ff9ff4da8610","modified":1682760613012,"created":1682760613012,"name":"Missions","description":"","environment":{"url":"http://localhost:8000/api"},"environmentPropertyOrder":{"&":["url"]},"metaSortKey":-1679189147436.375,"_type":"request_group"},{"_id":"req_5399ca44ce3640c3b9a3998898eb57d5","parentId":"fld_d6d9dc0db2b54fb29f19829758ee449a","modified":1684344605022,"created":1684323348943,"url":"{{ _.url }}/fiche","name":"/fiche fiche de paiement","description":"","method":"POST","body":{"mimeType":"application/json","text":"{\n\t\"id_mission\" :4 ,\n\t\"nbr_heures_effectuees\" : 10\n\t\t\n}"},"parameters":[],"headers":[{"name":"Content-Type","value":"application/json"}],"authentication":{},"metaSortKey":-1682616228181.5,"isPrivate":false,"settingStoreCookies":true,"settingSendCookies":true,"settingDisableRenderRequestBody":false,"settingEncodeUrl":true,"settingRebuildPath":true,"settingFollowRedirects":"global","_type":"request"},{"_id":"req_80a2f449496e46b8aa2fb84ca2395cf5","parentId":"fld_d6d9dc0db2b54fb29f19829758ee449a","modified":1682761195628,"created":1682760613064,"url":"{{ _.url }}/mission/1","name":"mission/id update mission","description":"","method":"PUT","body":{"mimeType":"application/json","text":"{\n\t\"id_interimaire\" : 2,\n\t\"id_offre\" : 1,\n\t\"date_debut\" : \"2023-04-28\",\n\t\"date_fin\" : \"2023-05-28\"\n\t\t\n}"},"parameters":[],"headers":[{"name":"Content-Type","value":"application/json"}],"authentication":{},"metaSortKey":-1682616153972,"isPrivate":false,"settingStoreCookies":true,"settingSendCookies":true,"settingDisableRenderRequestBody":false,"settingEncodeUrl":true,"settingRebuildPath":true,"settingFollowRedirects":"global","_type":"request"},{"_id":"req_2e1738d2b4d34b688177a9a86f8f2e50","parentId":"fld_d6d9dc0db2b54fb29f19829758ee449a","modified":1683805027130,"created":1682760613032,"url":"{{ _.url }}/missions/7/offre","name":"/missions/id_offre/offre mission par offre","description":"","method":"GET","body":{},"parameters":[],"headers":[],"authentication":{},"metaSortKey":-1682615115039,"isPrivate":false,"settingStoreCookies":true,"settingSendCookies":true,"settingDisableRenderRequestBody":false,"settingEncodeUrl":true,"settingRebuildPath":true,"settingFollowRedirects":"global","_type":"request"},{"_id":"req_7fad6ce0d258486fb8adb9c3d13c063a","parentId":"fld_d6d9dc0db2b54fb29f19829758ee449a","modified":1683810106339,"created":1683807284168,"url":"{{ _.url }}/missions/6/entreprise","name":"/missions/id_entreprise/entreprise mission par entreprise","description":"","method":"GET","body":{},"parameters":[],"headers":[],"authentication":{},"metaSortKey":-1682615100534.5625,"isPrivate":false,"settingStoreCookies":true,"settingSendCookies":true,"settingDisableRenderRequestBody":false,"settingEncodeUrl":true,"settingRebuildPath":true,"settingFollowRedirects":"global","_type":"request"},{"_id":"req_17dc690ebdee49bda8bdb52992240d16","parentId":"fld_d6d9dc0db2b54fb29f19829758ee449a","modified":1683906781496,"created":1682761313290,"url":"{{ _.url }}/missions/7/interimaire","name":"/missions/id_interimaire/interimaire mission par interimaire","description":"","method":"GET","body":{},"parameters":[],"headers":[],"authentication":{},"metaSortKey":-1682615086030.125,"isPrivate":false,"settingStoreCookies":true,"settingSendCookies":true,"settingDisableRenderRequestBody":false,"settingEncodeUrl":true,"settingRebuildPath":true,"settingFollowRedirects":"global","_type":"request"},{"_id":"req_9b5439d70ecb42d19b23a4d3a01fb9a4","parentId":"fld_d6d9dc0db2b54fb29f19829758ee449a","modified":1682761342751,"created":1682760613055,"url":"{{ _.url }}/mission/1","name":"/mission/id_ one mission","description":"","method":"GET","body":{},"parameters":[],"headers":[],"authentication":{},"metaSortKey":-1682615057021.25,"isPrivate":false,"settingStoreCookies":true,"settingSendCookies":true,"settingDisableRenderRequestBody":false,"settingEncodeUrl":true,"settingRebuildPath":true,"settingFollowRedirects":"global","_type":"request"},{"_id":"req_66ce7e37e55d4c49be8092d10b0b5e93","parentId":"fld_d6d9dc0db2b54fb29f19829758ee449a","modified":1684618273206,"created":1683817218237,"url":"{{ _.url }}/mission/1/0","name":"/mission/id_ mission/status  changer status mission","description":"","method":"GET","body":{},"parameters":[],"headers":[],"authentication":{},"metaSortKey":-1682615028012.375,"isPrivate":false,"settingStoreCookies":true,"settingSendCookies":true,"settingDisableRenderRequestBody":false,"settingEncodeUrl":true,"settingRebuildPath":true,"settingFollowRedirects":"global","_type":"request"},{"_id":"req_1f39860d3c9f40c3819f93fb51710331","parentId":"fld_d6d9dc0db2b54fb29f19829758ee449a","modified":1682761381428,"created":1682760613049,"url":"{{ _.url }}/mission/1","name":"/mission/id delete mission","description":"","method":"DELETE","body":{},"parameters":[],"headers":[],"authentication":{},"metaSortKey":-1682614999003.5,"isPrivate":false,"settingStoreCookies":true,"settingSendCookies":true,"settingDisableRenderRequestBody":false,"settingEncodeUrl":true,"settingRebuildPath":true,"settingFollowRedirects":"global","_type":"request"},{"_id":"req_234ba3272ec643d58f211e3f8dab44e7","parentId":"fld_d6d9dc0db2b54fb29f19829758ee449a","modified":1682761370132,"created":1682760613024,"url":"{{ _.url }}/missions","name":"/missions get All","description":"","method":"GET","body":{},"parameters":[],"headers":[],"authentication":{},"metaSortKey":-1682614650897,"isPrivate":false,"settingStoreCookies":true,"settingSendCookies":true,"settingDisableRenderRequestBody":false,"settingEncodeUrl":true,"settingRebuildPath":true,"settingFollowRedirects":"global","_type":"request"},{"_id":"req_e774038bdabd4cf9ab2c1e7eff3e8359","parentId":"fld_0758fe71ca66460bb1891fe99d1654d0","modified":1684408906123,"created":1684344623356,"url":"{{ _.url }}/fiche","name":"/fiche fiche de paiement","description":"","method":"POST","body":{"mimeType":"application/json","text":"{\n\t\"id_mission\" :1 ,\n\t\"nbr_heures_effectuees\" : 10\n\t\t\n}"},"parameters":[],"headers":[{"name":"Content-Type","value":"application/json"}],"authentication":{},"metaSortKey":-1682616228181.5,"isPrivate":false,"settingStoreCookies":true,"settingSendCookies":true,"settingDisableRenderRequestBody":false,"settingEncodeUrl":true,"settingRebuildPath":true,"settingFollowRedirects":"global","_type":"request"},{"_id":"fld_0758fe71ca66460bb1891fe99d1654d0","parentId":"wrk_e3ad3f97db32454497c7ff9ff4da8610","modified":1684344623296,"created":1684344623296,"name":"Fiche de paye","description":"","environment":{"url":"http://localhost:8000/api"},"environmentPropertyOrder":{"&":["url"]},"metaSortKey":-1679066808351.5312,"_type":"request_group"},{"_id":"req_44a8359be8f4473b93d8e297a3e949ef","parentId":"fld_0758fe71ca66460bb1891fe99d1654d0","modified":1684352777170,"created":1684344623312,"url":"{{ _.url }}/fiches/1/entreprise","name":"/fiches/id_entreprise/entreprise fiches par offre","description":"","method":"GET","body":{},"parameters":[],"headers":[],"authentication":{},"metaSortKey":-1682615115039,"isPrivate":false,"settingStoreCookies":true,"settingSendCookies":true,"settingDisableRenderRequestBody":false,"settingEncodeUrl":true,"settingRebuildPath":true,"settingFollowRedirects":"global","_type":"request"},{"_id":"req_18df9df863cb48099b5442df24a64b2d","parentId":"fld_0758fe71ca66460bb1891fe99d1654d0","modified":1684355356008,"created":1684352790987,"url":"{{ _.url }}/fiches/3/interimaire","name":"/fiches/id_interimaire/interimaire fiches par offre","description":"","method":"GET","body":{},"parameters":[],"headers":[],"authentication":{},"metaSortKey":-1682615115014,"isPrivate":false,"settingStoreCookies":true,"settingSendCookies":true,"settingDisableRenderRequestBody":false,"settingEncodeUrl":true,"settingRebuildPath":true,"settingFollowRedirects":"global","_type":"request"},{"_id":"req_aabf7401dd3d4b3b9fad65e854d695ab","parentId":"fld_d3d0179b58904b7092119a3d302f5a0a","modified":1684652856722,"created":1684651989579,"url":"{{ _.url }}/plainte","name":"/plainte dépot de plainte","description":"","method":"POST","body":{"mimeType":"application/json","text":"{\n\t\"id_compte\" :1 ,\n\t\"type_utilisateur\" : \"entreprise\",\n\t\"motif\" : \"Interimaire non pointé\",\n\t\"description\": \"J'ai porté plainte\"\n\t\t\n}"},"parameters":[],"headers":[{"name":"Content-Type","value":"application/json"}],"authentication":{},"metaSortKey":-1682616228181.5,"isPrivate":false,"settingStoreCookies":true,"settingSendCookies":true,"settingDisableRenderRequestBody":false,"settingEncodeUrl":true,"settingRebuildPath":true,"settingFollowRedirects":"global","_type":"request"},{"_id":"fld_d3d0179b58904b7092119a3d302f5a0a","parentId":"wrk_e3ad3f97db32454497c7ff9ff4da8610","modified":1684651989531,"created":1684651989531,"name":"Plainte","description":"","environment":{"url":"http://localhost:8000/api"},"environmentPropertyOrder":{"&":["url"]},"metaSortKey":-1679005638809.1094,"_type":"request_group"},{"_id":"req_2f502a898dba4389a40f27e05ec3b0ea","parentId":"fld_d3d0179b58904b7092119a3d302f5a0a","modified":1684654526418,"created":1684653639989,"url":"{{ _.url }}/reponse_plainte/9","name":"/reponse_plaite réponse à une   plainte","description":"","method":"POST","body":{"mimeType":"application/json","text":"{\n\t\"reponse\" :\"Votre plainte a été traité\" \n\t\t\n}"},"parameters":[],"headers":[{"name":"Content-Type","value":"application/json"}],"authentication":{},"metaSortKey":-1682616191076.75,"isPrivate":false,"settingStoreCookies":true,"settingSendCookies":true,"settingDisableRenderRequestBody":false,"settingEncodeUrl":true,"settingRebuildPath":true,"settingFollowRedirects":"global","_type":"request"},{"_id":"req_1676f425451847179ad56854fe33f541","parentId":"fld_d3d0179b58904b7092119a3d302f5a0a","modified":1684654599393,"created":1684651989554,"url":"{{ _.url }}/plaintes","name":"/plaintes All plaintes","description":"","method":"GET","body":{},"parameters":[],"headers":[],"authentication":{},"metaSortKey":-1682615115039,"isPrivate":false,"settingStoreCookies":true,"settingSendCookies":true,"settingDisableRenderRequestBody":false,"settingEncodeUrl":true,"settingRebuildPath":true,"settingFollowRedirects":"global","_type":"request"},{"_id":"req_c86f91eef1d0453fa51ac15d8639cad5","parentId":"fld_d33aec791c96448c9f8ebe5424e4dc10","modified":1683903514298,"created":1683903446290,"url":"{{ _.url }}/candidature","name":"/candidature","description":"","method":"POST","body":{"mimeType":"application/json","text":"{\n\t\"id_entreprise\" : 6,\n\t\"id_interimaire\" : 6,\n\t\"id_offre\" : 8\n}"},"parameters":[],"headers":[{"name":"Content-Type","value":"application/json"}],"authentication":{},"metaSortKey":-1683903446291,"isPrivate":false,"settingStoreCookies":true,"settingSendCookies":true,"settingDisableRenderRequestBody":false,"settingEncodeUrl":true,"settingRebuildPath":true,"settingFollowRedirects":"global","_type":"request"},{"_id":"fld_d33aec791c96448c9f8ebe5424e4dc10","parentId":"wrk_e3ad3f97db32454497c7ff9ff4da8610","modified":1683736402483,"created":1683736402483,"name":"Candidatures","description":"","environment":{"url":"http://localhost:8000/api"},"environmentPropertyOrder":{"&":["url"]},"metaSortKey":-1678944469266.6875,"_type":"request_group"},{"_id":"req_0bb21f0123314dc89fd75dd559bad5a4","parentId":"fld_d33aec791c96448c9f8ebe5424e4dc10","modified":1684345129769,"created":1683736402501,"url":"{{ _.url }}/candidatures/1/entreprise","name":"/candidatures/id_entreprise/entreprise mission par offre","description":"","method":"GET","body":{},"parameters":[],"headers":[],"authentication":{},"metaSortKey":-1682615115039,"isPrivate":false,"settingStoreCookies":true,"settingSendCookies":true,"settingDisableRenderRequestBody":false,"settingEncodeUrl":true,"settingRebuildPath":true,"settingFollowRedirects":"global","_type":"request"},{"_id":"req_a6a7703945804d8693337e1db5027dda","parentId":"fld_d33aec791c96448c9f8ebe5424e4dc10","modified":1683737983570,"created":1683736402564,"url":"{{ _.url }}/candidatures/6/interimaire","name":"/candidatures/id_interimaire/interimaire candidature par interimaire","description":"","method":"GET","body":{},"parameters":[],"headers":[],"authentication":{},"metaSortKey":-1682615086030.125,"isPrivate":false,"settingStoreCookies":true,"settingSendCookies":true,"settingDisableRenderRequestBody":false,"settingEncodeUrl":true,"settingRebuildPath":true,"settingFollowRedirects":"global","_type":"request"},{"_id":"req_7ecc796312a749a58f308b6b80da2f4d","parentId":"fld_d33aec791c96448c9f8ebe5424e4dc10","modified":1684236873521,"created":1684235309806,"url":"{{ _.url }}/candidatures/0/admin","name":"/candidatures/0/admin candidature par admin","description":"","method":"GET","body":{},"parameters":[],"headers":[],"authentication":{},"metaSortKey":-1682615071525.6875,"isPrivate":false,"settingStoreCookies":true,"settingSendCookies":true,"settingDisableRenderRequestBody":false,"settingEncodeUrl":true,"settingRebuildPath":true,"settingFollowRedirects":"global","_type":"request"},{"_id":"req_c31a7977f6aa40e3a5ec37796003b35c","parentId":"fld_d33aec791c96448c9f8ebe5424e4dc10","modified":1683737569393,"created":1683736402549,"url":"{{ _.url }}/candidatures/1/offre","name":"/candidatures/id_offre/offre Candidature par offre","description":"","method":"GET","body":{},"parameters":[],"headers":[],"authentication":{},"metaSortKey":-1682615057021.25,"isPrivate":false,"settingStoreCookies":true,"settingSendCookies":true,"settingDisableRenderRequestBody":false,"settingEncodeUrl":true,"settingRebuildPath":true,"settingFollowRedirects":"global","_type":"request"},{"_id":"req_eed2e085bba04988ac0d7e19f3c13217","parentId":"fld_d33aec791c96448c9f8ebe5424e4dc10","modified":1683799285061,"created":1683736402490,"url":"{{ _.url }}/candidature/1/acceptation","name":"/candidature/id_candidature/acceptation  Accepter candidature","description":"","method":"GET","body":{},"parameters":[],"headers":[],"authentication":{},"metaSortKey":-1682614650897,"isPrivate":false,"settingStoreCookies":true,"settingSendCookies":true,"settingDisableRenderRequestBody":false,"settingEncodeUrl":true,"settingRebuildPath":true,"settingFollowRedirects":"global","_type":"request"},{"_id":"req_31a9b636d8c140b5b2bba2fd12f25f9d","parentId":"fld_d33aec791c96448c9f8ebe5424e4dc10","modified":1684411938656,"created":1684236897378,"url":"{{ _.url }}/candidature/2","name":"/candidature/id_candidature  delete candidature","description":"","method":"DELETE","body":{},"parameters":[],"headers":[],"authentication":{},"metaSortKey":-1682470556634.5,"isPrivate":false,"settingStoreCookies":true,"settingSendCookies":true,"settingDisableRenderRequestBody":false,"settingEncodeUrl":true,"settingRebuildPath":true,"settingFollowRedirects":"global","_type":"request"},{"_id":"env_30dcfb1262b5596607ce1c186189164098be214f","parentId":"wrk_e3ad3f97db32454497c7ff9ff4da8610","modified":1682614567443,"created":1682614567443,"name":"Base Environment","data":{},"dataPropertyOrder":null,"color":null,"isPrivate":false,"metaSortKey":1682614567443,"_type":"environment"},{"_id":"jar_30dcfb1262b5596607ce1c186189164098be214f","parentId":"wrk_e3ad3f97db32454497c7ff9ff4da8610","modified":1682614567446,"created":1682614567446,"name":"Default Jar","cookies":[],"_type":"cookie_jar"},{"_id":"spc_b1c37e3a1934495688764bd0999507e6","parentId":"wrk_e3ad3f97db32454497c7ff9ff4da8610","modified":1682614567437,"created":1682614567437,"fileName":"interim world api","contents":"","contentType":"yaml","_type":"api_spec"}]}